{
    "Piendamo,Cauca": [
        2.63670600,
        -76.50614890
    ],
    "Chiayi": [
        23.45184280,
        120.25546150
    ],
    "Laos Borofen Plateau": [
        15.0,
        106.0
    ],
    "Los Santos,Tarrazu": [
        9.65965000,
        -84.02138000
    ],
    "Popayan,Cauca": [
        2.45417,
        -76.60917
    ],
    "Chimaltenango": [
        14.66111,
        -90.81944
    ],
    "KILIMANJARO": [
        -4.13369270,
        37.80876930
    ],
    "Acatenango": [
        14.55451,
        -90.94368
    ],
    "Yunlin": [
        23.66497,
        120.31953
    ],
    "tolima": [
        4.0925,
        -75.154444
    ],
    "Gedeb,Yirgacheffe,Sidamo": [
        6.75,
        38.25
    ],
    "Shibi, Gukeng Township, Yunlin County 郵遞區號 , Taiwan (R.O.C.)": [
        23.63889,
        120.56111
    ],
    "Gukeng Township, Yunlin County": [
        23.63889,
        120.56111
    ],
    "Arusha": [
        -3.38692530,
        36.68299360
    ],
    "Guatemala, Fraijanes, Santa Rosa": [
        14.46583,
        -90.53056
    ],
    "卓溪鄉Zhuoxi Township": [
        23.404007,
        121.216846
    ],
    "Chiang Mai": [
        18.79038,
        98.98468
    ],
    "Quindio": [
        4.46100,
        -75.66700
    ],
    "Região Vulcânica": [
        -38.0,
        -58.0
    ],
    "Kona": [
        19.640556,
        -155.995556
    ],
    "壽豐鄉Shoufeng Township": [
        23.865,
        121.508
    ],
    "Dongshan Dist., Tainan City": [
        23.3085889,
        120.346881
    ],
    "Oromia": [
        7.9890616,
        39.3811798
    ],
    "Southern Ethiopia Guji": [
        6.75,
        38.25
    ],
    "Guji": [
        6.75,
        38.25
    ],
    "OROMIA": [
        7.9890616,
        39.3811798
    ],
    "Central": [
        13.0,
        -85.0
    ],
    "Caoling , Gukeng Township, Yunlin County": [
        23.63889,
        120.56111
    ],
    "秀林鄉Show Linxia Township": [
        24.000,
        121.500
    ],
    "台灣屏東": [
        22.666667,
        120.5
    ],
    "苗栗縣": [
        24.5,
        120.833333
    ],
    "Rwenzori": [
        0.5,
        30.0
    ],
    "Antigua": [
        14.56694,
        -90.71556
    ],
    "Santa Rosa": [
        14.46583,
        -90.53056
    ],
    "quiche": [
        15.5000,
        -90.5000
    ],
    "新竹縣": [
        24.833333,
        121.0
    ],
    "Aceh Tengah": [
        4.5,
        96.5
    ],
    "Villa Rica": [
        -10.72944,
        -75.27167
    ],
    "Mbeya": [
        -8.9,
        33.45
    ],
    "Nantou": [
        23.9166667,
        120.6666667
    ],
    "Campo das Vertentes": [
        -21.0,
        -44.0
    ],
    "Boquete": [
        8.77056,
        -82.43278
    ],
    "Huehuetenango": [
        15.320556,
        -91.471111
    ],
    "ANTIGUA GUATEMALA": [
        14.56694,
        -90.71556
    ],
    "Tarrazu": [
        9.65965,
        -84.02138
    ],
    "( Dongshan Dist., Tainan City)": [
        23.3085889,
        120.346881
    ],
    "ESTELI": [
        13.08333,
        -86.35
    ],
    "Quang Tri": [
        16.75,
        107.0
    ],
    "Centro, Lagunetillas-Ajuterique, Comayagua": [
        14.5,
        -87.5
    ],
    "Ethiopia": [
        8.0,
        38.0
    ],
    "玉里鎮Yuli Township": [
        23.333333,
        121.316667
    ],
    "Ka'u district of Big Island": [
        19.640556,
        -155.995556
    ],
    "Addis Ababa": [
        9.02722,
        38.73694
    ],
    "Chalatenango": [
        14.11667,
        -89.08333
    ],
    "Sierra Nevada de Santa Marta": [
        10.833333,
        -73.0
    ],
    "Lintong Nihuta/Dolok Sanggul,Sumatera Utara": [
        2.5,
        98.0
    ],
    "Atitlán": [
        14.63333,
        -91.18333
    ],
    "Itasy": [
        -19.0,
        47.0
    ],
    "新北市": [
        25.016667,
        121.45
    ],
    "Oriente Santa rosa": [
        14.46583,
        -90.53056
    ],
    "Sierra de las minas": [
        15.0,
        -89.5
    ],
    "San Andrés, Lempira": [
        14.5,
        -88.5
    ],
    "ARUSHA": [
        -3.3869253,
        36.6829936
    ],
    "Sidama": [
        6.75,
        38.25
    ],
    "Huila": [
        2.5,
        -75.5
    ],
    "New Oriente": [
        14.56694,
        -90.71556
    ],
    "Nan": [
        18.8,
        100.783333
    ],
    "Pereira": [
        4.81333,
        -75.69611
    ],
    "HUEHUETENANGO": [
        15.320556,
        -91.471111
    ],
    "Cauca": [
        2.45417,
        -76.60917
    ],
    "Ka'u": [
        19.640556,
        -155.995556
    ],
    "Tolima": [
        4.0925,
        -75.154444
    ],
    "Chiapas": [
        16.75,
        -93.11667
    ],
    "South Shan State": [
        20.0,
        97.0
    ],
    "San Jose, La Paz": [
        14.5,
        -87.5
    ],
    "QUICHE": [
        15.5,
        -90.5
    ],
    "Marcala": [
        14.11667,
        -88.93333
    ],
    "Popayán Cauca": [
        2.45417,
        -76.60917
    ],
    "North of Thailand": [
        18.0,
        100.0
    ],
    "Suan Ya Lung": [
        23.4518428,
        120.2554615
    ],
    "Mt Elgon": [
        1.1666667,
        34.6666667
    ],
    "NEW ORIENTE & HUEHUETENANGO": [
        15.320556,
        -91.471111
    ],
    "桃園市": [
        24.993628,
        121.300979
    ],
    "Sul de Minas": [
        -21.0,
        -45.0
    ],
    "Marcala, La Paz": [
        14.11667,
        -88.93333
    ],
    "Nongluang Bolaven Plateau, Champasack, Lao PDR": [
        15.0,
        106.0
    ],
    "Centro, Lagunetillas - Ajuterique, Comayagua": [
        14.5,
        -87.5
    ],
    "Los Planes de Santa Maria, La Paz": [
        14.5,
        -87.5
    ],
    "HUILA": [
        2.5,
        -75.5
    ],
    "ZONGOLICA, VERACRUZ": [
        18.666667,
        -96.916667
    ],
    "Eatan Commune, Krong Nang District, Krong Nang Province": [
        11.0,
        108.0
    ],
    "Matagalpa": [
        12.9166667,
        -85.9166667
    ],
    "west Villege": [
        14.5,
        -87.5
    ],
    "los planes de santa maria la paz": [
        14.5,
        -87.5
    ],
    "Apaneca - Ilamatepec": [
        13.833333,
        -89.916667
    ],
    "MANTIQUEIRA / SUL DE MINAS": [
        -21.0,
        -45.0
    ],
    "Veracruz": [
        19.333333,
        -96.666667
    ],
    "Matagalpa, Nicaragua": [
        12.9166667,
        -85.9166667
    ],
    "Dalat": [
        11.94646,
        108.44193
    ],
    "Chanchamayo, La Merced": [
        -11.0,
        -75.5
    ],
    "Kona district of Big Island": [
        19.640556,
        -155.995556
    ],
    "Kericho": [
        -0.3666667,
        35.2833333
    ],
    "Corralillo Tarrazu": [
        9.65965,
        -84.02138
    ],
    "Oriente": [
        14.46583,
        -90.53056
    ],
    "Sumatra": [
        -0.789275,
        100.649814
    ],
    "Lam Dong Province": [
        11.94646,
        108.44193
    ],
    "Mantiquira de minas": [
        -21.0,
        -45.0
    ],
    "Santander": [
        6.75,
        38.25
    ],
    "Coatepec, Veracruz": [
        19.333333,
        -96.666667
    ],
    "occidente": [
        14.5,
        -87.5
    ],
    "臺北市": [
        25.033333,
        121.516667
    ],
    "Chiang Rai": [
        19.9166667,
        99.8333333
    ],
    "Alta Mogiana-Ibiraci": [
        -20.0,
        -47.0
    ],
    "Volcan Chinchontepek, San Vicente, El Salvador": [
        13.633333,
        -88.8
    ],
    "Jinotega": [
        13.0833333,
        -86.0
    ],
    "Caicedonia,Valle del Cauca": [
        4.333333,
        -76.0
    ],
    "Chanchamayo, Lamerced": [
        -11.0,
        -75.5
    ],
    "Bolaven Plateau": [
        15.0,
        106.0
    ],
    "Volcan de San Vicente, La Paz, El Salvador": [
        13.633333,
        -88.8
    ],
    "Minas Gerais": [
        -18.0,
        -46.0
    ]
}